epoch,time,train/box_loss,train/seg_loss,train/cls_loss,train/dfl_loss,train/sem_loss,metrics/precision(B),metrics/recall(B),metrics/mAP50(B),metrics/mAP50-95(B),metrics/precision(M),metrics/recall(M),metrics/mAP50(M),metrics/mAP50-95(M),val/box_loss,val/seg_loss,val/cls_loss,val/dfl_loss,val/sem_loss,lr/pg0,lr/pg1,lr/pg2,lr/pg3,lr/pg4,lr/pg5,lr/pg6,lr/pg7
1,335.398,0.71319,2.26527,3.97078,0.01095,2.6506,0.49968,0.17779,0.17213,0.13846,0.4925,0.17216,0.16482,0.12473,0.72618,1.91771,2.2549,0.01935,0,0.00998336,0.00332779,0.00998336,0.00332779,0.00998336,0.00332779,0.00998336,0.00332779
2,611.939,0.74181,1.87507,2.38875,0.0115,0.4514,0.40976,0.28413,0.25593,0.19741,0.41365,0.26058,0.23301,0.17273,0.83635,1.86227,1.9579,0.02291,0,0.0198515,0.00661716,0.0198515,0.00661716,0.0198515,0.00661716,0.0198515,0.00661716
3,867.062,0.83042,1.89647,2.17467,0.01311,0.41805,0.48134,0.27331,0.25655,0.19208,0.49016,0.24888,0.23469,0.16689,0.91573,1.98779,2.01581,0.02465,0,0.0295876,0.00986253,0.0295876,0.00986253,0.0295876,0.00986253,0.0295876,0.00986253
4,1121.38,0.89162,1.94086,2.14639,0.01405,0.41721,0.46813,0.28493,0.28039,0.20919,0.45193,0.26854,0.25394,0.18078,0.93852,1.85373,1.94754,0.02542,0,0.029406,0.009802,0.029406,0.009802,0.029406,0.009802,0.029406,0.009802
5,1376.45,0.87686,1.85834,2.0182,0.01379,0.40301,0.46819,0.31003,0.2996,0.22883,0.458,0.29449,0.27568,0.20135,0.89125,1.77797,1.8417,0.02373,0,0.029208,0.009736,0.029208,0.009736,0.029208,0.009736,0.029208,0.009736
6,1630.53,0.85444,1.80517,1.92522,0.0133,0.39145,0.52753,0.30523,0.31015,0.23563,0.58923,0.25697,0.28522,0.20877,0.88293,1.71196,1.78566,0.02401,0,0.02901,0.00967,0.02901,0.00967,0.02901,0.00967,0.02901,0.00967
7,1884.76,0.83535,1.76181,1.84624,0.01294,0.37836,0.46621,0.35824,0.34864,0.266,0.46755,0.32156,0.31935,0.23456,0.84667,1.72125,1.73157,0.0226,0,0.028812,0.009604,0.028812,0.009604,0.028812,0.009604,0.028812,0.009604
8,2138.74,0.82456,1.72458,1.78867,0.01279,0.37098,0.46223,0.3642,0.35396,0.2734,0.44621,0.33358,0.31064,0.22985,0.83837,1.62408,1.66904,0.02224,0,0.028614,0.009538,0.028614,0.009538,0.028614,0.009538,0.028614,0.009538
9,2393.09,0.80865,1.67913,1.71882,0.01236,0.3647,0.48269,0.33835,0.35612,0.27765,0.46193,0.31245,0.31901,0.24111,0.81969,1.64598,1.68904,0.0217,0,0.028416,0.009472,0.028416,0.009472,0.028416,0.009472,0.028416,0.009472
10,2647.08,0.79751,1.66181,1.67926,0.01217,0.35302,0.52315,0.34686,0.37215,0.28928,0.59396,0.29298,0.33858,0.2487,0.81357,1.58201,1.6372,0.02159,0,0.028218,0.009406,0.028218,0.009406,0.028218,0.009406,0.028218,0.009406
11,2901.45,0.78144,1.62915,1.62935,0.01191,0.3483,0.50481,0.37441,0.3777,0.2976,0.49834,0.35029,0.35064,0.2599,0.78471,1.59174,1.599,0.02054,0,0.02802,0.00934,0.02802,0.00934,0.02802,0.00934,0.02802,0.00934
12,3155.65,0.77465,1.59979,1.58996,0.0118,0.34189,0.53528,0.37677,0.40323,0.3163,0.53698,0.34559,0.36954,0.27747,0.79296,1.55098,1.5823,0.02097,0,0.027822,0.009274,0.027822,0.009274,0.027822,0.009274,0.027822,0.009274
13,3410.63,0.76817,1.59059,1.57176,0.01169,0.33458,0.55372,0.40628,0.41725,0.32509,0.53104,0.3732,0.37735,0.27811,0.77305,1.53597,1.53682,0.02036,0,0.027624,0.009208,0.027624,0.009208,0.027624,0.009208,0.027624,0.009208
14,3665.1,0.75128,1.54359,1.50498,0.01135,0.32451,0.49125,0.43163,0.41548,0.33252,0.47926,0.38286,0.38088,0.28483,0.77987,1.54796,1.52951,0.02051,0,0.027426,0.009142,0.027426,0.009142,0.027426,0.009142,0.027426,0.009142
15,3919.34,0.7429,1.53433,1.47984,0.01121,0.3238,0.59609,0.36207,0.43462,0.35214,0.57721,0.35165,0.39815,0.29967,0.77089,1.51393,1.47985,0.02008,0,0.027228,0.009076,0.027228,0.009076,0.027228,0.009076,0.027228,0.009076
16,4173.49,0.73737,1.51461,1.45404,0.01109,0.3167,0.53551,0.38792,0.42214,0.34316,0.59869,0.34653,0.38442,0.29429,0.75188,1.52548,1.50003,0.01972,0,0.02703,0.00901,0.02703,0.00901,0.02703,0.00901,0.02703,0.00901
17,4427.85,0.72932,1.48641,1.42063,0.01095,0.3116,0.56816,0.38237,0.42435,0.33788,0.56811,0.35571,0.37658,0.27833,0.75796,1.50019,1.49049,0.01981,0,0.026832,0.008944,0.026832,0.008944,0.026832,0.008944,0.026832,0.008944
18,4682,0.7227,1.46788,1.38774,0.01083,0.30334,0.50801,0.4337,0.43492,0.35167,0.50292,0.38217,0.39163,0.28525,0.74019,1.53798,1.5158,0.01922,0,0.026634,0.008878,0.026634,0.008878,0.026634,0.008878,0.026634,0.008878
19,4935.95,0.71673,1.45346,1.36343,0.01064,0.29866,0.53108,0.42124,0.43621,0.35247,0.5172,0.38606,0.40266,0.30341,0.75369,1.49664,1.46164,0.01962,0,0.026436,0.008812,0.026436,0.008812,0.026436,0.008812,0.026436,0.008812
20,5189.97,0.71089,1.4428,1.33777,0.01057,0.29422,0.4741,0.43101,0.43276,0.35192,0.50153,0.39376,0.39421,0.29413,0.74983,1.52751,1.52054,0.01951,0,0.026238,0.008746,0.026238,0.008746,0.026238,0.008746,0.026238,0.008746
21,5444.12,0.69763,1.40621,1.29332,0.01036,0.28591,0.51895,0.45837,0.43094,0.35081,0.50249,0.41504,0.39854,0.30053,0.7552,1.45075,1.47048,0.0197,0,0.02604,0.00868,0.02604,0.00868,0.02604,0.00868,0.02604,0.00868
22,5698.14,0.69753,1.40853,1.28003,0.01032,0.28486,0.57977,0.4128,0.43742,0.36162,0.55362,0.40264,0.40654,0.30745,0.72576,1.45362,1.44072,0.01885,0,0.025842,0.008614,0.025842,0.008614,0.025842,0.008614,0.025842,0.008614
23,5951.57,0.69413,1.39313,1.26243,0.01032,0.27782,0.54381,0.41109,0.4389,0.35761,0.53742,0.38281,0.40484,0.30224,0.72663,1.4688,1.46012,0.01908,0,0.025644,0.008548,0.025644,0.008548,0.025644,0.008548,0.025644,0.008548
24,6205.54,0.68343,1.37803,1.22486,0.01005,0.27359,0.52593,0.42832,0.43353,0.35795,0.51191,0.40592,0.40765,0.30519,0.71216,1.50216,1.49503,0.01864,0,0.025446,0.008482,0.025446,0.008482,0.025446,0.008482,0.025446,0.008482
25,6459.65,0.68308,1.36231,1.21106,0.01012,0.26744,0.59152,0.39277,0.43068,0.35617,0.57543,0.36776,0.39859,0.30307,0.70901,1.45436,1.48843,0.01824,0,0.025248,0.008416,0.025248,0.008416,0.025248,0.008416,0.025248,0.008416
26,6707.41,0.67837,1.34572,1.19257,0.00999,0.26393,0.60148,0.39198,0.44105,0.36266,0.60847,0.38288,0.42327,0.30761,0.70863,1.48662,1.48267,0.01833,0,0.02505,0.00835,0.02505,0.00835,0.02505,0.00835,0.02505,0.00835
27,6956.6,0.67439,1.34189,1.17467,0.0099,0.26,0.54572,0.42899,0.45686,0.37497,0.53128,0.41093,0.41737,0.31401,0.71108,1.49097,1.45106,0.01836,0,0.024852,0.008284,0.024852,0.008284,0.024852,0.008284,0.024852,0.008284
28,7210.21,0.667,1.33027,1.16041,0.00988,0.25306,0.56002,0.41951,0.45168,0.3748,0.55304,0.39053,0.41526,0.31305,0.69107,1.51931,1.48283,0.01787,0,0.024654,0.008218,0.024654,0.008218,0.024654,0.008218,0.024654,0.008218
29,7464.1,0.66229,1.32043,1.13425,0.00966,0.24985,0.649,0.38852,0.44994,0.37182,0.62095,0.36083,0.40635,0.31383,0.71504,1.49516,1.4844,0.01864,0,0.024456,0.008152,0.024456,0.008152,0.024456,0.008152,0.024456,0.008152
30,7718.18,0.65701,1.3146,1.11951,0.00957,0.24794,0.56107,0.42361,0.45074,0.378,0.54013,0.40832,0.41723,0.31538,0.69487,1.44499,1.48648,0.01795,0,0.024258,0.008086,0.024258,0.008086,0.024258,0.008086,0.024258,0.008086
31,7972.06,0.65253,1.28351,1.08866,0.00953,0.24022,0.5467,0.43634,0.44932,0.37492,0.54611,0.41925,0.42285,0.31357,0.69621,1.46696,1.47396,0.01798,0,0.02406,0.00802,0.02406,0.00802,0.02406,0.00802,0.02406,0.00802
32,8225.81,0.6492,1.28513,1.07965,0.00947,0.23803,0.60677,0.39354,0.44286,0.36873,0.58679,0.3739,0.41101,0.31302,0.71516,1.43692,1.46741,0.01847,0,0.023862,0.007954,0.023862,0.007954,0.023862,0.007954,0.023862,0.007954
33,8478.73,0.64774,1.27433,1.06705,0.0094,0.23218,0.53661,0.43292,0.45485,0.37915,0.53715,0.39268,0.42449,0.31823,0.69214,1.48243,1.49246,0.01792,0,0.023664,0.007888,0.023664,0.007888,0.023664,0.007888,0.023664,0.007888
34,8730.15,0.64237,1.2637,1.04732,0.00938,0.22891,0.52209,0.43108,0.45631,0.38403,0.50258,0.41582,0.41736,0.31447,0.68518,1.50333,1.49959,0.01768,0,0.023466,0.007822,0.023466,0.007822,0.023466,0.007822,0.023466,0.007822
35,8983.06,0.63976,1.25016,1.02908,0.00923,0.2229,0.56121,0.43921,0.46375,0.3873,0.55003,0.41056,0.43056,0.32245,0.69456,1.52785,1.48147,0.01781,0,0.023268,0.007756,0.023268,0.007756,0.023268,0.007756,0.023268,0.007756
36,9237.69,0.6378,1.24818,1.02051,0.00928,0.22157,0.56969,0.42426,0.44381,0.36695,0.55681,0.40591,0.41427,0.31025,0.68297,1.47268,1.48656,0.01764,0,0.02307,0.00769,0.02307,0.00769,0.02307,0.00769,0.02307,0.00769
37,9485.72,0.63516,1.24394,1.01372,0.00924,0.21758,0.53863,0.44334,0.45489,0.38044,0.52002,0.42785,0.42778,0.31518,0.68925,1.50298,1.51308,0.01762,0,0.022872,0.007624,0.022872,0.007624,0.022872,0.007624,0.022872,0.007624
38,9735.56,0.63096,1.2339,0.99523,0.0091,0.2145,0.53859,0.44202,0.45546,0.37971,0.58543,0.40254,0.42093,0.31758,0.68602,1.46354,1.49869,0.01761,0,0.022674,0.007558,0.022674,0.007558,0.022674,0.007558,0.022674,0.007558
39,9983.17,0.62586,1.23273,0.9782,0.00911,0.21072,0.54587,0.47276,0.47355,0.39451,0.5745,0.42324,0.43879,0.32683,0.68343,1.47441,1.48735,0.01757,0,0.022476,0.007492,0.022476,0.007492,0.022476,0.007492,0.022476,0.007492
40,10231.1,0.62332,1.21789,0.97185,0.00901,0.20663,0.57322,0.44758,0.46843,0.39176,0.54178,0.42575,0.42842,0.32454,0.67113,1.44824,1.49167,0.01712,0,0.022278,0.007426,0.022278,0.007426,0.022278,0.007426,0.022278,0.007426
41,10479.5,0.61862,1.21135,0.95739,0.00892,0.20574,0.53261,0.47872,0.47947,0.40313,0.50924,0.44167,0.4421,0.33928,0.6812,1.51258,1.49264,0.01757,0,0.02208,0.00736,0.02208,0.00736,0.02208,0.00736,0.02208,0.00736
42,10727.7,0.61293,1.19905,0.93289,0.00878,0.19977,0.56936,0.44995,0.47886,0.40116,0.5652,0.42774,0.44793,0.33306,0.67124,1.44458,1.47138,0.01738,0,0.021882,0.007294,0.021882,0.007294,0.021882,0.007294,0.021882,0.007294
43,10975.8,0.61052,1.19425,0.93532,0.00877,0.19731,0.60532,0.42748,0.47559,0.40122,0.56598,0.40075,0.43269,0.32953,0.65879,1.46579,1.49608,0.01682,0,0.021684,0.007228,0.021684,0.007228,0.021684,0.007228,0.021684,0.007228
44,11224,0.60963,1.18125,0.90833,0.00873,0.19265,0.63924,0.41405,0.47359,0.39963,0.62354,0.40404,0.45257,0.33705,0.66984,1.44367,1.51798,0.01703,0,0.021486,0.007162,0.021486,0.007162,0.021486,0.007162,0.021486,0.007162
45,11472.2,0.60658,1.1854,0.90022,0.00875,0.19057,0.60725,0.44383,0.47422,0.39991,0.60681,0.42718,0.45344,0.33462,0.6674,1.47527,1.50767,0.01708,0,0.021288,0.007096,0.021288,0.007096,0.021288,0.007096,0.021288,0.007096
46,11720.2,0.60402,1.17377,0.90233,0.00865,0.18846,0.60937,0.45231,0.48268,0.40918,0.60309,0.44562,0.46592,0.34155,0.66141,1.49458,1.48774,0.01693,0,0.02109,0.00703,0.02109,0.00703,0.02109,0.00703,0.02109,0.00703
47,11968.6,0.60394,1.16639,0.89093,0.00868,0.18385,0.63201,0.42856,0.47452,0.40148,0.62446,0.41866,0.45436,0.33693,0.65993,1.43183,1.5003,0.01683,0,0.020892,0.006964,0.020892,0.006964,0.020892,0.006964,0.020892,0.006964
48,12216.5,0.59736,1.15815,0.86427,0.00851,0.18163,0.5504,0.48765,0.48217,0.40378,0.54693,0.46455,0.45855,0.33807,0.65616,1.48128,1.49895,0.01664,0,0.020694,0.006898,0.020694,0.006898,0.020694,0.006898,0.020694,0.006898
49,12464.8,0.59867,1.16467,0.87557,0.00857,0.18184,0.62496,0.42494,0.47355,0.40439,0.61877,0.40853,0.44702,0.33949,0.65309,1.46708,1.49133,0.01652,0,0.020496,0.006832,0.020496,0.006832,0.020496,0.006832,0.020496,0.006832
50,12710.1,0.59076,1.14081,0.8572,0.00847,0.17861,0.57291,0.45389,0.47313,0.40346,0.56013,0.43423,0.44849,0.34235,0.64872,1.47424,1.5217,0.01656,0,0.020298,0.006766,0.020298,0.006766,0.020298,0.006766,0.020298,0.006766
51,12944.9,0.5913,1.13799,0.84185,0.00843,0.17445,0.55312,0.45943,0.46568,0.39603,0.55542,0.43261,0.44337,0.33562,0.65846,1.48006,1.51466,0.01686,0,0.0201,0.0067,0.0201,0.0067,0.0201,0.0067,0.0201,0.0067
52,13199.5,0.58978,1.14542,0.84008,0.00846,0.17299,0.53925,0.46884,0.47519,0.40055,0.53111,0.442,0.44839,0.33651,0.64982,1.50002,1.54055,0.01655,0,0.019902,0.006634,0.019902,0.006634,0.019902,0.006634,0.019902,0.006634
53,13455.3,0.58546,1.12867,0.82904,0.0083,0.17054,0.62833,0.42627,0.47646,0.40089,0.6277,0.41551,0.45632,0.33924,0.65827,1.49685,1.52508,0.01688,0,0.019704,0.006568,0.019704,0.006568,0.019704,0.006568,0.019704,0.006568
54,13711.7,0.58036,1.11338,0.81796,0.00825,0.16712,0.58346,0.46941,0.47931,0.40687,0.59325,0.42853,0.45107,0.34211,0.6571,1.5132,1.51347,0.01661,0,0.019506,0.006502,0.019506,0.006502,0.019506,0.006502,0.019506,0.006502
55,13969.8,0.57549,1.10774,0.81251,0.00816,0.16597,0.58465,0.45704,0.47949,0.40782,0.56419,0.43671,0.44934,0.33849,0.65475,1.52883,1.5105,0.01659,0,0.019308,0.006436,0.019308,0.006436,0.019308,0.006436,0.019308,0.006436
56,14223.7,0.57819,1.11084,0.79754,0.00816,0.16219,0.5361,0.47783,0.48297,0.41023,0.52758,0.44818,0.45084,0.3401,0.64286,1.47756,1.53372,0.01627,0,0.01911,0.00637,0.01911,0.00637,0.01911,0.00637,0.01911,0.00637
57,14480.5,0.57499,1.10514,0.78673,0.00814,0.15997,0.52603,0.47833,0.47808,0.40813,0.55563,0.43352,0.45086,0.34274,0.64808,1.50681,1.52139,0.01641,0,0.018912,0.006304,0.018912,0.006304,0.018912,0.006304,0.018912,0.006304
58,14734.6,0.57244,1.0978,0.78158,0.00811,0.16006,0.56249,0.45122,0.47415,0.40324,0.54683,0.43199,0.44745,0.33851,0.65281,1.47339,1.52289,0.01671,0,0.018714,0.006238,0.018714,0.006238,0.018714,0.006238,0.018714,0.006238
59,14988,0.57003,1.09926,0.78021,0.00803,0.15808,0.61851,0.43065,0.48298,0.4122,0.61273,0.40471,0.45648,0.34385,0.63983,1.50015,1.56155,0.01619,0,0.018516,0.006172,0.018516,0.006172,0.018516,0.006172,0.018516,0.006172
60,15243,0.56877,1.08784,0.77394,0.00802,0.15684,0.50344,0.47532,0.47263,0.40182,0.48621,0.45238,0.4453,0.33291,0.63898,1.52248,1.56007,0.01622,0,0.018318,0.006106,0.018318,0.006106,0.018318,0.006106,0.018318,0.006106
61,15498,0.56503,1.08666,0.76544,0.00799,0.15359,0.60998,0.45867,0.48119,0.41,0.60327,0.42934,0.45385,0.34154,0.64318,1.51736,1.57167,0.01635,0,0.01812,0.00604,0.01812,0.00604,0.01812,0.00604,0.01812,0.00604
62,15751.2,0.56027,1.07053,0.75042,0.00786,0.15072,0.54941,0.48303,0.47641,0.40701,0.52725,0.45743,0.44733,0.34022,0.64359,1.53066,1.55299,0.01621,0,0.017922,0.005974,0.017922,0.005974,0.017922,0.005974,0.017922,0.005974
63,16003.5,0.56102,1.07631,0.73776,0.00793,0.1493,0.5595,0.4752,0.48123,0.40967,0.59089,0.42385,0.4537,0.34121,0.64539,1.57546,1.56396,0.01628,0,0.017724,0.005908,0.017724,0.005908,0.017724,0.005908,0.017724,0.005908
64,16255.2,0.55647,1.0669,0.73766,0.00779,0.14603,0.59162,0.46276,0.47976,0.40887,0.56766,0.44073,0.45308,0.34106,0.64254,1.55296,1.55883,0.01627,0,0.017526,0.005842,0.017526,0.005842,0.017526,0.005842,0.017526,0.005842
65,16507.6,0.55564,1.05572,0.72997,0.00787,0.1444,0.5849,0.47609,0.48608,0.41357,0.56562,0.45372,0.45234,0.34275,0.63579,1.55046,1.55665,0.01607,0,0.017328,0.005776,0.017328,0.005776,0.017328,0.005776,0.017328,0.005776
66,16761.9,0.55281,1.05602,0.72707,0.00774,0.14261,0.57612,0.46591,0.48449,0.41315,0.56207,0.44137,0.4527,0.34201,0.63623,1.54519,1.5528,0.01604,0,0.01713,0.00571,0.01713,0.00571,0.01713,0.00571,0.01713,0.00571
67,17017.5,0.55344,1.05742,0.72736,0.00774,0.14229,0.55017,0.48437,0.48513,0.41711,0.54577,0.45852,0.45123,0.34499,0.63561,1.54452,1.54782,0.01601,0,0.016932,0.005644,0.016932,0.005644,0.016932,0.005644,0.016932,0.005644
68,17275.5,0.55206,1.04755,0.71756,0.00772,0.13947,0.56241,0.48112,0.48043,0.41389,0.54395,0.45762,0.45488,0.34217,0.64862,1.5655,1.54065,0.01632,0,0.016734,0.005578,0.016734,0.005578,0.016734,0.005578,0.016734,0.005578
69,17536.2,0.54543,1.038,0.70811,0.00761,0.13864,0.55932,0.46985,0.48358,0.41662,0.54633,0.44296,0.4563,0.34588,0.63931,1.58546,1.55102,0.01614,0,0.016536,0.005512,0.016536,0.005512,0.016536,0.005512,0.016536,0.005512
70,17796.6,0.54461,1.04763,0.7055,0.00763,0.13792,0.57407,0.46102,0.48254,0.41543,0.55253,0.43447,0.45126,0.3433,0.63484,1.5736,1.57382,0.01595,0,0.016338,0.005446,0.016338,0.005446,0.016338,0.005446,0.016338,0.005446
71,18047.4,0.54287,1.03813,0.69977,0.00759,0.13641,0.58848,0.44408,0.48077,0.4112,0.57959,0.41388,0.44846,0.34261,0.63573,1.54246,1.57155,0.01592,0,0.01614,0.00538,0.01614,0.00538,0.01614,0.00538,0.01614,0.00538
72,18297.1,0.53815,1.03445,0.68859,0.00754,0.13426,0.55262,0.48767,0.48378,0.41298,0.55224,0.43615,0.44821,0.34168,0.63362,1.57273,1.56958,0.01597,0,0.015942,0.005314,0.015942,0.005314,0.015942,0.005314,0.015942,0.005314
73,18545.7,0.53778,1.02912,0.67442,0.00753,0.13216,0.65232,0.42277,0.48047,0.41383,0.62621,0.39915,0.44725,0.34231,0.63123,1.56828,1.57813,0.01594,0,0.015744,0.005248,0.015744,0.005248,0.015744,0.005248,0.015744,0.005248
74,18793.7,0.53598,1.02174,0.67547,0.00749,0.13036,0.60652,0.42822,0.47583,0.41161,0.59084,0.40804,0.44585,0.33815,0.62554,1.56653,1.58023,0.01576,0,0.015546,0.005182,0.015546,0.005182,0.015546,0.005182,0.015546,0.005182
75,19042.1,0.53364,1.02551,0.66807,0.00742,0.1289,0.61536,0.44363,0.48578,0.42293,0.59949,0.42068,0.45757,0.35071,0.6276,1.5677,1.58505,0.01576,0,0.015348,0.005116,0.015348,0.005116,0.015348,0.005116,0.015348,0.005116
76,19290.5,0.53233,1.01572,0.66527,0.00746,0.1279,0.63026,0.43785,0.47895,0.41516,0.61665,0.41051,0.44834,0.34444,0.62149,1.55431,1.57916,0.01559,0,0.01515,0.00505,0.01515,0.00505,0.01515,0.00505,0.01515,0.00505
77,19538.7,0.52564,1.0005,0.6548,0.0073,0.1249,0.60122,0.46072,0.48098,0.41675,0.58399,0.43957,0.45325,0.34698,0.62139,1.58373,1.58159,0.01557,0,0.014952,0.004984,0.014952,0.004984,0.014952,0.004984,0.014952,0.004984
78,19787.5,0.52129,0.99492,0.64702,0.00717,0.12436,0.59099,0.46993,0.48244,0.41758,0.57101,0.44441,0.45397,0.34725,0.62244,1.56897,1.58966,0.01558,0,0.014754,0.004918,0.014754,0.004918,0.014754,0.004918,0.014754,0.004918
79,20036.1,0.52228,0.99487,0.64557,0.00724,0.12393,0.58112,0.48643,0.4862,0.42115,0.55408,0.45636,0.45634,0.34844,0.62338,1.55511,1.59457,0.01557,0,0.014556,0.004852,0.014556,0.004852,0.014556,0.004852,0.014556,0.004852
80,20285,0.52049,0.99541,0.64089,0.0072,0.12148,0.56131,0.4835,0.48928,0.42295,0.5407,0.45756,0.45826,0.34733,0.62036,1.54239,1.60046,0.0155,0,0.014358,0.004786,0.014358,0.004786,0.014358,0.004786,0.014358,0.004786
81,20533.9,0.51941,0.99176,0.64092,0.00717,0.12237,0.60695,0.47627,0.49231,0.42559,0.60045,0.45356,0.46373,0.34967,0.62027,1.53915,1.59912,0.01548,0,0.01416,0.00472,0.01416,0.00472,0.01416,0.00472,0.01416,0.00472
82,20782.3,0.51543,0.97804,0.62359,0.00706,0.1173,0.63767,0.44784,0.48824,0.42283,0.62047,0.42438,0.45995,0.34851,0.62011,1.56421,1.60198,0.01543,0,0.013962,0.004654,0.013962,0.004654,0.013962,0.004654,0.013962,0.004654
83,21031,0.51399,0.97814,0.62798,0.00711,0.11749,0.60082,0.4578,0.48449,0.41882,0.58162,0.43548,0.45663,0.34541,0.61729,1.58437,1.61009,0.0154,0,0.013764,0.004588,0.013764,0.004588,0.013764,0.004588,0.013764,0.004588
84,21279.7,0.51103,0.98481,0.62194,0.00703,0.11658,0.6039,0.45982,0.48836,0.42284,0.58657,0.44025,0.4601,0.34983,0.61916,1.59216,1.61085,0.01551,0,0.013566,0.004522,0.013566,0.004522,0.013566,0.004522,0.013566,0.004522
85,21528.7,0.50697,0.97074,0.61344,0.00698,0.11372,0.6091,0.46297,0.49395,0.42838,0.59179,0.44239,0.46343,0.35508,0.6177,1.59743,1.59857,0.01548,0,0.013368,0.004456,0.013368,0.004456,0.013368,0.004456,0.013368,0.004456
86,21777.6,0.50781,0.97651,0.61752,0.00702,0.11371,0.61564,0.45549,0.4903,0.42497,0.61413,0.4306,0.46053,0.35343,0.61273,1.60496,1.60364,0.01539,0,0.01317,0.00439,0.01317,0.00439,0.01317,0.00439,0.01317,0.00439
87,22026.2,0.50406,0.96019,0.60919,0.00689,0.11344,0.60336,0.45235,0.48422,0.41961,0.6207,0.42046,0.45745,0.34985,0.60916,1.60492,1.62635,0.01527,0,0.012972,0.004324,0.012972,0.004324,0.012972,0.004324,0.012972,0.004324
88,22274.9,0.50248,0.96483,0.59674,0.00687,0.11028,0.60602,0.46178,0.48573,0.42042,0.61267,0.42456,0.45683,0.35005,0.61094,1.60497,1.63365,0.01536,0,0.012774,0.004258,0.012774,0.004258,0.012774,0.004258,0.012774,0.004258
89,22523.9,0.50203,0.95612,0.58766,0.00683,0.10913,0.61165,0.45504,0.48376,0.41858,0.60161,0.43144,0.4544,0.3464,0.60941,1.60891,1.63825,0.01531,0,0.012576,0.004192,0.012576,0.004192,0.012576,0.004192,0.012576,0.004192
90,22772.6,0.49802,0.95417,0.58997,0.00681,0.1093,0.58255,0.46576,0.48666,0.42256,0.61038,0.42856,0.45602,0.34747,0.61002,1.60468,1.63496,0.01525,0,0.012378,0.004126,0.012378,0.004126,0.012378,0.004126,0.012378,0.004126
91,23021.1,0.49212,0.94496,0.57541,0.00671,0.10671,0.57752,0.47565,0.48787,0.42315,0.63282,0.41537,0.45895,0.34938,0.61284,1.60948,1.63655,0.01536,0,0.01218,0.00406,0.01218,0.00406,0.01218,0.00406,0.01218,0.00406
92,23269.7,0.49226,0.9395,0.57035,0.00668,0.10492,0.58137,0.4658,0.48502,0.42054,0.63874,0.41461,0.4554,0.34627,0.61725,1.60424,1.62982,0.01545,0,0.011982,0.003994,0.011982,0.003994,0.011982,0.003994,0.011982,0.003994
93,23518.3,0.49023,0.9408,0.57129,0.00671,0.10601,0.60015,0.45941,0.48606,0.42098,0.58702,0.44103,0.45446,0.34707,0.61763,1.61696,1.6331,0.01547,0,0.011784,0.003928,0.011784,0.003928,0.011784,0.003928,0.011784,0.003928
94,23765.7,0.48675,0.93049,0.56352,0.00661,0.10359,0.63969,0.44255,0.49078,0.42438,0.63001,0.42673,0.45819,0.3488,0.61513,1.623,1.63306,0.01538,0,0.011586,0.003862,0.011586,0.003862,0.011586,0.003862,0.011586,0.003862
95,24011.8,0.48753,0.93273,0.55695,0.00668,0.10181,0.61276,0.45239,0.48889,0.42161,0.60176,0.43387,0.45611,0.34766,0.61407,1.62296,1.63878,0.01536,0,0.011388,0.003796,0.011388,0.003796,0.011388,0.003796,0.011388,0.003796
96,24246,0.48109,0.92426,0.55313,0.00652,0.10084,0.60241,0.46329,0.48746,0.42098,0.60613,0.43466,0.45534,0.34731,0.61478,1.61485,1.63809,0.01533,0,0.01119,0.00373,0.01119,0.00373,0.01119,0.00373,0.01119,0.00373
97,24481,0.47629,0.92135,0.5507,0.00643,0.10066,0.58071,0.47383,0.48861,0.42212,0.59494,0.44274,0.45675,0.34708,0.61464,1.62819,1.63997,0.01532,0,0.010992,0.003664,0.010992,0.003664,0.010992,0.003664,0.010992,0.003664
98,24715.7,0.47846,0.91411,0.54263,0.00647,0.09909,0.59898,0.46864,0.48815,0.42237,0.60136,0.43976,0.45529,0.34732,0.61399,1.62652,1.64122,0.01528,0,0.010794,0.003598,0.010794,0.003598,0.010794,0.003598,0.010794,0.003598
99,24950.5,0.47179,0.91245,0.53776,0.0064,0.0971,0.60629,0.46647,0.48657,0.42196,0.61833,0.43842,0.45817,0.34777,0.61389,1.62426,1.64003,0.01533,0,0.010596,0.003532,0.010596,0.003532,0.010596,0.003532,0.010596,0.003532
100,25185.1,0.47509,0.92001,0.53536,0.00645,0.09615,0.59841,0.47881,0.48881,0.42378,0.61568,0.442,0.46041,0.34995,0.61391,1.62647,1.63002,0.01529,0,0.010398,0.003466,0.010398,0.003466,0.010398,0.003466,0.010398,0.003466
101,25419.9,0.47215,0.91198,0.53084,0.00637,0.09593,0.59891,0.48178,0.48899,0.42406,0.58656,0.45763,0.46035,0.34867,0.61352,1.61688,1.63917,0.01528,0,0.0102,0.0034,0.0102,0.0034,0.0102,0.0034,0.0102,0.0034
102,25654.5,0.47058,0.90663,0.52905,0.00638,0.09511,0.58843,0.48353,0.48692,0.42445,0.57962,0.45803,0.45917,0.3481,0.61434,1.61691,1.63742,0.01533,0,0.010002,0.003334,0.010002,0.003334,0.010002,0.003334,0.010002,0.003334
103,25888.8,0.46751,0.90219,0.52313,0.0063,0.09463,0.58412,0.48065,0.4836,0.42195,0.57419,0.45647,0.45647,0.34655,0.61086,1.6219,1.65004,0.01525,0,0.009804,0.003268,0.009804,0.003268,0.009804,0.003268,0.009804,0.003268
104,26122.9,0.46561,0.89811,0.5224,0.00632,0.09346,0.57455,0.48629,0.4809,0.41982,0.57149,0.45528,0.45321,0.34335,0.61127,1.62733,1.64649,0.01527,0,0.009606,0.003202,0.009606,0.003202,0.009606,0.003202,0.009606,0.003202
105,26356.8,0.46538,0.89596,0.51667,0.0063,0.09108,0.57709,0.48292,0.48193,0.42112,0.57039,0.45458,0.45595,0.34532,0.60981,1.62717,1.65327,0.01524,0,0.009408,0.003136,0.009408,0.003136,0.009408,0.003136,0.009408,0.003136
106,26591,0.45954,0.88464,0.5069,0.0062,0.09016,0.56734,0.48485,0.48362,0.42219,0.57588,0.45177,0.45805,0.34667,0.60978,1.63128,1.65263,0.01523,0,0.00921,0.00307,0.00921,0.00307,0.00921,0.00307,0.00921,0.00307
107,26825.4,0.45872,0.89416,0.50563,0.00621,0.09004,0.56338,0.47759,0.4817,0.42081,0.61928,0.42758,0.457,0.34636,0.61012,1.62893,1.65389,0.01524,0,0.009012,0.003004,0.009012,0.003004,0.009012,0.003004,0.009012,0.003004
108,27060,0.45515,0.88219,0.49734,0.00608,0.0875,0.57849,0.47181,0.48125,0.42033,0.62774,0.41849,0.45693,0.34535,0.60966,1.63057,1.65802,0.01524,0,0.008814,0.002938,0.008814,0.002938,0.008814,0.002938,0.008814,0.002938
109,27294.7,0.45518,0.88,0.49481,0.00608,0.08767,0.59077,0.47494,0.48211,0.42184,0.58572,0.44831,0.45722,0.34628,0.60772,1.63501,1.66288,0.0152,0,0.008616,0.002872,0.008616,0.002872,0.008616,0.002872,0.008616,0.002872
110,27529.3,0.45171,0.87006,0.48592,0.00609,0.08607,0.6323,0.44704,0.4874,0.42596,0.63485,0.43088,0.46874,0.3516,0.60961,1.64688,1.66535,0.01525,0,0.008418,0.002806,0.008418,0.002806,0.008418,0.002806,0.008418,0.002806
